{"stats":{"minecraft:crafted":{"minecraft:crafting_table":1,"minecraft:spruce_planks":16,"minecraft:stick":4},"minecraft:picked_up":{"minecraft:spruce_log":4,"minecraft:dirt":3},"minecraft:used":{"minecraft:dirt":3},"minecraft:mined":{"minecraft:grass":14,"minecraft:grass_block":3,"minecraft:spruce_leaves":1,"minecraft:spruce_log":4,"minecraft:powder_snow":1},"minecraft:custom":{"minecraft:jump":110,"minecraft:time_since_rest":3857,"minecraft:leave_game":1,"minecraft:crouch_one_cm":18,"minecraft:time_since_death":3857,"minecraft:play_time":3857,"minecraft:sprint_one_cm":12906,"minecraft:walk_one_cm":4755,"minecraft:sneak_time":37,"minecraft:total_world_time":3857,"minecraft:fall_one_cm":2986,"minecraft:fly_one_cm":21699}},"DataVersion":3465}